Web API提供商,发布Web API的个数
google,3329
twitter,686
youtube,562
yahoo,513
amazon,508
flickr,474
twilio,467
facebook,466
ebay,194
lastfm,181
microsoft,155
bing,109
delicious,106
foursquare,104
docusign,97
411sync,93
geonames,79
box,76
wikipedia,64
linkedin,63
instagram,63
digg,55
yelp,53
shoppingcom,52
panoramio,48
freebase,48
technorati,45
indeed,42
bitly,37
spotify,35
aol,35
paypal,34
nationbuilder,33
eventful,33
geocoder,33
musicbrainz,32
fitbit,31
weather,31
soundcloud,31
commission,31
itunes,28
oodle,28
netflix,27
new,26
zillow,26
twitpic,26
upcomingorg,26
bbc,25
alexa,24
blogger,24
vimeo,24
feedburner,23
etsy,23
tumblr,22
myspace,22
imageloop,22
dropbox,21
shopzilla,21
friendfeed,21
hoiio,20
rotten,19
openstreetmap,19
addthis,19
windows,19
dbpedia,18
skype,18
lyricwiki,18
hotelscombined,18
mailchimp,17
fedex,17
reddit,16
zazzle,16
heroku,16
donorschoose,16
netvibes,16
shopify,15
tropo,15
world,14
sendgrid,14
maplarge,14
evernote,13
noaa,13
openlayers,13
basecamp,13
thomson,12
magento,12
cnet,12
github,12
usps,12
gowalla,12
multimap,12
mapbox,11
best,11
govtrackus,11
rhapsody,11
mapquest,11
forvo,11
linkshare,11
smugmug,11
photobucket,11
compete,11
i2space,10
colourlovers,10
angellist,10
goodreads,10
pinterest,10
opensecrets,10
kayak,10
fanfeedr,10
social,10
aviary,10
groupon,10
vonage,10
ups,10
adobe,10
hostipinfo,10
trynt,10
finansportalen,9
att,9
expedia,9
movie,9
klout,9
your,9
trulia,9
rovi,9
citygrid,9
vast,9
mtv,9
jaiku,9
guardian,8
openweathermap,8
stripe,8
mendeley,8
discogs,8
twickit,8
fire,8
pownce,8
withings,7
dailymotion,7
crunchbase,7
coindesk,7
meetup,7
imsas,7
kiva,7
slideshare,7
buzzdata,7
getglue,7
8coupons,7
scribd,7
what,7
watchmouse,7
tweetphoto,7
bebo,7
zvents,7
livevideo,7
dapper,7
secondlife,7
walgreens,6
careerbuilder,6
infochimps,6
bandsintown,6
eventbrite,6
activecom,6
open,6
nestoria,6
genability,6
webknox,6
wordpressorg,6
page2images,6
walk,6
billboard,6
songkick,6
cafe,6
chartlyrics,6
daylife,6
thrutu,6
fotolia,6
aonaware,6
true,6
uclassify,6
mobypicture,6
ning,6
strikeiron,6
23,6
futef,6
poly9,6
giphy,5
ckan,5
wordpresscom,5
runkeeper,5
msn,5
slack,5
bigcommerce,5
seomoz,5
disqus,5
uship,5
library,5
clockwork,5
bitstamp,5
43things,5
espn,5
factual,5
authorizenet,5
cloudmade,5
7digital,5
500px,5
highrise,5
evri,5
urban,5
kookoo,5
tripit,5
picplz,5
freshbooks,5
pricerunner,5
twittercounter,5
zappos,5
formstack,5
maponics,5
widgetbox,5
plaxo,5
myvox,5
geocoderca,5
clearforest,5
sharedbook,5
bigtribe,5
zanox,4
uber,4
highcharts,4
ifixit,4
semrush,4
tourcms,4
instapaper,4
rubygems,4
sears,4
jawbone,4
zendesk,4
myob,4
sugarsync,4
garmin,4
constantcontact,4
edmundscom,4
musixmatch,4
active,4
woocommerce,4
mt,4
yipit,4
bookmooch,4
peerindex,4
plivo,4
dansk,4
dhl,4
tweetmeme,4
topsy,4
amee,4
zooomr,4
cicero,4
pusher,4
bandcamp,4
longurl,4
bibliacom,4
tinysong,4
backtype,4
map24,4
janrain,4
ilike,4
we,4
gruvr,4
zemanta,4
loxcel,4
hyves,4
lat49,4
friendster,4
blankslate,4
webthumb,4
livejournal,4
jigsaw,4
yes,4
sletohcom,4
imeem,4
veoh,4
magnolia,4
mybloglog,4
userplane,4
newsgator,4
snocap,4
findory,4
ontok,4
impossiblefx,3
blockchain,3
rackspace,3
lyricfind,3
xero,3
shopstyle,3
pocket,3
buffer,3
trakttv,3
walmart,3
wolfram,3
mandrill,3
food,3
oracle,3
strava,3
yandex,3
daybreak,3
internet,3
travel,3
yellow,3
target,3
blekko,3
webhoseio,3
zomato,3
backtweets,3
amadeus,3
billomat,3
motorsportregcom,3
holidays,3
careerjet,3
coinbase,3
channeladvisor,3
national,3
twitgoo,3
dribbble,3
readability,3
brewerydb,3
imgur,3
ip2location,3
ipernity,3
bolcom,3
flightstats,3
gravatar,3
readmill,3
pubnub,3
outsidein,3
simplegeo,3
ergast,3
kynetx,3
pricegrabber,3
librarything,3
realtybaron,3
yolink,3
typepad,3
superfeedr,3
plum,3
akismet,3
identica,3
thumbalizr,3
npr,3
postalmethods,3
editgrid,3
iva,3
picnik,3
rezgo,3
ordnance,3
hi5,3
opensocial,3
snipshot,3
moreover,3
orkut,3
maplight,3
sensebot,3
shizzow,3
seesmic,3
geograph,3
twittervision,3
viddler,3
opendada,3
kuler,3
buzznet,3
grouper,3
moo,3
skydeck,3
naver,3
esv,3
aiderss,3
webshots,3
riya,3
rapleaf,3
syndic8,3
springwidgets,3
clickatell,3
bank,2
hipchat,2
ahrefs,2
mozscape,2
wikia,2
nasa,2
telegram,2
petfinder,2
digitalocean,2
linode,2
wahoo,2
ihealth,2
pushover,2
prosperent,2
feedly,2
geoloqi,2
gmail,2
apartmentsapart,2
mapmyfitness,2
pdf,2
elasticsearch,2
elance,2
mixpanel,2
zoho,2
sugarcrm,2
zoopla,2
allmyles,2
zapier,2
bookingcom,2
baidu,2
ipinfoio,2
scribble,2
importio,2
yummly,2
slashdb,2
opinioncrawl,2
spy,2
looker,2
opencongress,2
sabre,2
udacity,2
bitcoin,2
datumbox,2
brightcove,2
scoopit,2
campaign,2
images,2
viator,2
localschooldirectory,2
behance,2
vircurex,2
whois,2
zotero,2
wiziq,2
vk,2
pixlr,2
mailgun,2
4shared,2
exfm,2
mesibo,2
allogarage,2
galileo,2
geoportail,2
business,2
moneybookers,2
quova,2
endicia,2
quickblox,2
json,2
alchemyapi,2
tripadvisor,2
blinkx,2
shareasale,2
primal,2
pricespin,2
mogreet,2
viralheat,2
semantria,2
metro,2
cartodb,2
airbrake,2
lyrdb,2
rxnlp,2
feedzilla,2
lockerz,2
faroo,2
ohloh,2
forrst,2
plunker,2
aerisweather,2
dog,2
mochi,2
information,2
bioid,2
nyc,2
coinkite,2
sports,2
tokbox,2
adility,2
retailmenotcom,2
dealsurf,2
juju,2
recognizeim,2
clicky,2
authoritylabs,2
awesm,2
zenfolio,2
omgili,2
vhx,2
usgs,2
mapfluence,2
posterous,2
pinboard,2
telapi,2
facecom,2
3dcart,2
onelogin,2
blue,2
cloudmine,2
fwix,2
producteev,2
epa,2
bookingmarkets,2
pdxcouncilconnect,2
linkup,2
tiny,2
upc,2
contextio,2
cohuman,2
plos,2
jamendo,2
travelport,2
freebiesms,2
avvo,2
howcast,2
videosurf,2
smsmybus,2
framey,2
plancast,2
hunch,2
layar,2
anything2pdf,2
playme,2
burstn,2
snapr,2
steply,2
orange,2
foxrate,2
qwerly,2
imageshack,2
warenet,2
agentrank,2
tweet,2
brighter,2
greatschools,2
tinylink,2
enthusem,2
batchbook,2
worldcat,2
chacha,2
drawloop,2
dun,2
infosnipernet,2
norway,2
livekick,2
mapstraction,2
zoomin,2
autodesk,2
amplify,2
follow,2
digitalbucket,2
wiserearth,2
photo,2
tagalus,2
blipfm,2
trim,2
global,2
fring,2
spore,2
viamichelin,2
capitol,2
simpleapi,2
youtxt,2
carma,2
myplaylist,2
faviconz,2
ringful,2
phanfare,2
broadsoft,2
reuters,2
pingdom,2
blinksale,2
kyte,2
bliptv,2
honjp,2
tailrank,2
artbeat,2
evoca,2
igoogle,2
weblogs,2
globexplorer,2
mindtouch,2
bloglines,2
where,2
omnidrive,2
spokenbuzz,2
shadows,2
pageflakes,2
plazes,2
raw,2
splogspot,2
coupon,1
hpe,1
mymemory,1
idealista,1
beacon,1
sitesummary,1
resgrid,1
traitify,1
printr,1
supportfu,1
digireality,1
vcita,1
taxi,1
bot,1
whatsapp,1
brazil,1
unity,1
foodcare,1
real,1
team,1
kissmetrics,1
maas2,1
pipl,1
hashedtags,1
mistio,1
softlayer,1
nephoscale,1
openstack,1
fakturoid,1
resfly,1
field,1
mnb,1
central,1
bitcoinaverage,1
touchtunes,1
tomtom,1
rescuegroups,1
sap,1
parsebot,1
skimlinks,1
automattic,1
s3bubble,1
pryv,1
ludei,1
usajobs,1
simplyhired,1
time,1
beebotte,1
99designs,1
restricted,1
gimmie,1
unbounce,1
launchrock,1
gtfs,1
victoria,1
pyton,1
grabicon,1
timezonedb,1
airbnb,1
9flats,1
roomorama,1
oipa,1
tweetvite,1
betherenyc,1
venteria,1
seatgeek,1
mbar,1
stubhub,1
businessusa,1
lufthansa,1
tvmaze,1
contentful,1
refuge,1
last,1
opencnam,1
comparedownload,1
misfit,1
oecd,1
windshieldrepair,1
cloud,1
servicenow,1
marketo,1
eloqua,1
hubspot,1
infobip,1
gethealth,1
datarella,1
maluuba,1
amnesty,1
dialogflow,1
nlp,1
easytobook,1
health,1
mailcheap,1
stsoftware,1
tec,1
us,1
telize,1
bike,1
booli,1
abebooks,1
aylien,1
antideo,1
dailymile,1
api,1
roku,1
serpstat,1
ritetag,1
hootsuite,1
voucherify,1
review,1
elcies,1
coronatracker,1
css,1
teamsnap,1
levelup,1
pebble,1
appfollow,1
intuit,1
mailjet,1
getsentiment,1
cronofy,1
statref,1
citysdk,1
finalsite,1
whipplehill,1
schoology,1
lyft,1
americommerce,1
bizvizz,1
otnettv,1
fullcontact,1
c24,1
cubesensors,1
altmetric,1
skyscanner,1
scalarium,1
mynetdiary,1
flashgamedistribution,1
govdata,1
lighthouse,1
sendy,1
poloniex,1
bittrex,1
kraken,1
hitbtc,1
bitfinex,1
design,1
doodle,1
canadian,1
fanarttv,1
data24,1
datawashington,1
kanban,1
favqs,1
pixabay,1
thesaurus,1
tesco,1
articulate,1
apicultur,1
salesforce,1
vanilla,1
thinknum,1
gitlab,1
circleci,1
sms,1
datadog,1
bugsnag,1
hetzner,1
impact,1
sportradar,1
peekyou,1
43,1
home,1
serps,1
juno,1
mobile,1
fotoflexer,1
ribbet,1
actual,1
htm2pdf,1
europass,1
clickup,1
softonic,1
abios,1
i,1
woot,1
mera,1
egnyte,1
baby,1
fenopy,1
imdbapiorg,1
angularjs,1
metalocator,1
realtime,1
socrata,1
coinpaprika,1
coincap,1
caret,1
hotelston,1
syndicate,1
energystar,1
concur,1
culture24,1
venmo,1
liqpay,1
liberty,1
perfectmoney,1
vine,1
paperboy,1
australia,1
speedy,1
ukmail,1
block,1
smart,1
bitrix24,1
campbx,1
bitcurex,1
cryptsy,1
coins,1
mcxnow,1
coupomated,1
allocin%C3%A3%C2%A9,1
car2go,1
securenet,1
captchacoin,1
gecko,1
dlvrit,1
dronestream,1
sina,1
infogroup,1
geonb,1
bitext,1
numbers,1
whoapi,1
tvrage,1
repustate,1
deezer,1
popshops,1
cleartrip,1
cloudapp,1
pogoplug,1
ubuntu,1
boxnet,1
mapmyrun,1
trello,1
geoplugin,1
yfrog,1
assembla,1
launchpad,1
jsfiddle,1
envato,1
coderwall,1
geeklist,1
hacker,1
metno,1
handset,1
18amail,1
123,1
140,1
123contactform,1
1map,1
proprofs,1
hackerearth,1
pixlab,1
laravel,1
analytics,1
db,1
gengo,1
moodle,1
payment,1
payments,1
paymentwall,1
geobytes,1
wookmark,1
openskyquery,1
sdss,1
revel,1
lightspeed,1
tixik,1
product,1
ltcoin,1
cryptocoin,1
parse,1
san,1
wiki,1
hello,1
sonicapicom,1
liveconnect,1
quickbooks,1
tradegecko,1
neto,1
kounta,1
servicem8,1
workflowmax,1
uc,1
university,1
easy,1
paris,1
earth911,1
eduroam,1
healthfindergov,1
paperback,1
ookaboo,1
macys,1
worksnaps,1
singly,1
jet,1
rakuten,1
uproc,1
short,1
ip,1
eldercare,1
bondora,1
subdb,1
hasoffers,1
direct,1
embedly,1
geoadmin,1
huffington,1
quizlet,1
dwolla,1
redbooth,1
hp,1
domaintools,1
dnsimple,1
domain,1
dns,1
photoshelter,1
deviantart,1
appnet,1
idescat,1
launchbit,1
tfl,1
synonyms,1
billeo,1
mydigitalstructure,1
trailer,1
datagovuk,1
uk,1
sensis,1
webcamstravel,1
readsocial,1
picitup,1
sonos,1
mywot,1
shoutcast,1
awardwallet,1
plurk,1
yammer,1
diigo,1
zootool,1
boxcar,1
svpply,1
apify,1
fcc,1
appharbor,1
pinnaclecart,1
my,1
acapela,1
random,1
harpercollins,1
usa,1
crowdflower,1
brown,1
amazonca,1
weplay,1
vzaar,1
planning,1
thetvdbcom,1
odnoklassniki,1
favorit,1
yrc,1
singleplatform,1
langid,1
crossio,1
moviepilot,1
everytrail,1
hotwire,1
aden,1
pagerduty,1
payvment,1
goodsie,1
ambassador,1
volusion,1
highwire,1
shipstation,1
issuu,1
mediafire,1
nolapro,1
veryrelated,1
fanbridge,1
mediatemple,1
florist,1
biodiversity,1
uservoice,1
are,1
artistdata,1
ispeech,1
rpm,1
gigablast,1
irail,1
localmind,1
exchange,1
groups,1
groveio,1
nhs,1
rhymebrain,1
kewego,1
trimet,1
bart,1
cta,1
transicast,1
mongolab,1
accuweather,1
australian,1
public,1
martindale,1
notifo,1
long,1
ecgridos,1
fansnap,1
agendize,1
medianet,1
springer,1
union,1
swoogle,1
saplo,1
extractiv,1
checkvist,1
spamon,1
all,1
alibris,1
moonshadow,1
bump,1
deal,1
xaly,1
interfax,1
toodledo,1
doit,1
wordstream,1
scalr,1
socialoomph,1
evature,1
hiveminder,1
barcelona,1
travenjoy,1
next,1
beatport,1
dance,1
isbn,1
beer,1
8tracks,1
movieclipscom,1
pachube,1
voo2do,1
high,1
activ,1
actblue,1
gigya,1
dezrez,1
nozbe,1
wordartcom,1
twtfm,1
recurly,1
miso,1
wikilocation,1
gatekrash,1
vodpod,1
cirip,1
cheezburger,1
alternativeto,1
loclizard,1
voxeo,1
eea,1
semantichacker,1
collecta,1
tradeshift,1
verizon,1
tweetshrink,1
tweetarun,1
tweetlater,1
tweepsearch,1
tweetfeel,1
tweetrl,1
tweetsentiments,1
musikki,1
avantlink,1
untappd,1
meebo,1
pubsub,1
tel,1
abbreviations,1
campfire,1
empora,1
quora,1
cybersource,1
fatsecret,1
wordnik,1
cloudvox,1
qype,1
imified,1
townme,1
kwwika,1
joyrack,1
dropio,1
get,1
subj3ct,1
heyzap,1
quickbase,1
corpwatch,1
rescuetime,1
justintv,1
boorah,1
hotukdeals,1
w3counter,1
conceptshare,1
science,1
twinfluence,1
thisnext,1
postrank,1
touchnote,1
mite,1
connotea,1
bibsonomy,1
expono,1
meaningtool,1
retro,1
travelfusion,1
stupeflix,1
big,1
taglets,1
printfection,1
openx,1
cloudspeakers,1
intel,1
tagoo,1
ikregeernl,1
after,1
dandyid,1
currencies,1
safe,1
web,1
vidoop,1
ifbyphone,1
oovoo,1
gomotext,1
snappyfingers,1
bible,1
intelepeer,1
betfair,1
context,1
geocubes,1
wuala,1
filesanywhere,1
docstoc,1
tappin,1
spock,1
idiomag,1
qurl,1
timesurl,1
urlborg,1
cligs,1
isgd,1
songly,1
rim,1
shrten,1
nd,1
qrcx,1
opensosius,1
semantic,1
wishpot,1
zoominfo,1
12secondstv,1
ffwd,1
film,1
lazytune,1
facescom,1
skyhook,1
songza,1
jobcentral,1
natureserve,1
ubio,1
arkive,1
backpack,1
peekacity,1
harvest,1
dipity,1
videodetective,1
joost,1
ooyala,1
tarpipe,1
aevum,1
filestube,1
arcweb,1
whereis,1
trendrr,1
metacarta,1
digital,1
openstrands,1
beenverified,1
pikeo,1
dopplr,1
ncaa,1
ncbi,1
webaim,1
democracy,1
medioh,1
tutorials,1
lulu,1
theyworkforyou,1
ribbit,1
jambase,1
shutterpoint,1
quarkrank,1
rentometer,1
opendoar,1
prosper,1
pushpin,1
earthtools,1
newscloud,1
stikkit,1
phishtank,1
orb,1
creative,1
city,1
ticketfly,1
sparklines,1
brandify,1
dataunison,1
dabbledb,1
webpurify,1
decarta,1
textamerica,1
aim,1
30,1
topicalizer,1
